ParticipantID,Condition,Time,EMA,EMA_pushoff,strain_impulse,peak_strain,mean_strain,peak_Fr,peak_Fmtu
GJ03,Flats,Pre,,,,,,,
GJ03,Heels,Pre,,,,,,,
GJ03,Flats,Post,0.252615081188071,0.257638623545376,2.90764138952158,9.09003633137487,4.21750167791433,1.1788468375499257,4.348800861101219
GJ03,Heels,Post,0.265347351054135,0.27021930664061,2.24439884797711,8.29264435620124,3.28415854142172,1.1588468383301676,3.9673173574213374
GP04,Flats,Pre,0.295762733399696,0.297095100567616,1.41855769602463,4.83727570782947,2.1020806920273,1.3409198634892125,4.412124291432077
GP04,Heels,Pre,0.315895407798332,0.338845349942202,1.04602791481494,3.80908768144702,1.50896219627694,1.3944545137178972,3.4743044024356746
GP04,Flats,Post,0.261439318977789,0.26250399408449,1.75063706310202,5.59331477385439,2.4850954296142,1.2641036096021714,4.513639109587334
GP04,Heels,Post,0.271916681158048,0.278258048227279,1.33467535509083,4.77912614538622,1.95820814631346,1.373221744086924,3.8566130374603915
DF07,Flats,Pre,,,,,,,
DF07,Heels,Pre,0.273656117910889,0.296529730627508,1.8778634975775,6.70978644245152,2.74927020921953,1.2116253119943525,3.4738340798290013
DF07,Flats,Post,,,,,,,
DF07,Heels,Post,,,,,,,
OJ08,Flats,Pre,0.33877341114918,0.340705176721861,2.82231515896956,7.60006264087958,3.8839566978162,1.1736932988209003,3.1314622160256547
OJ08,Heels,Pre,0.374250288921846,0.377797319979881,2.11665016326792,7.10434061614928,2.7210854973328,1.3093566552468747,2.9272093218791086
OJ08,Flats,Post,0.335719588168703,0.339113066568772,2.29909356803065,6.76654126486536,3.23374825315496,1.1796971610195945,3.164562517880597
OJ08,Heels,Post,0.36741268292965,0.370689802445341,1.80472503674297,6.35446883645965,2.43218094094862,1.2286089010223469,2.9718453067470754
RL10,Flats,Pre,0.275268839417561,0.278219099841957,1.89295025608756,6.15551381301157,2.62093887489653,1.2726023767417893,4.422538964594396
RL10,Heels,Pre,0.315487504204081,0.319218981259297,1.44698109649847,4.90060549589919,1.88441942051073,1.303094746076336,3.5209276453749174
RL10,Flats,Post,0.294465839213709,0.298080365579893,1.87063709417515,6.05660462890912,2.5330680042937,1.198554670144694,4.009043028485749
RL10,Heels,Post,0.308573248423939,0.312085673253286,1.60894393479542,5.8265080650029,2.06355293447891,1.3707144403334945,3.856735410286006
SS11,Flats,Pre,0.293102542453805,0.29509191976641,1.89547500378232,5.08009662521526,2.56224822979562,1.2241623079420059,3.586067514304458
SS11,Heels,Pre,0.304662032406297,0.321477633404605,1.50165829738336,4.81689092197465,2.02257267561261,1.2806607708569315,3.4002691936020937
SS11,Flats,Post,0.272667470382737,0.279816881249216,1.47875250124128,4.33273825490166,2.06374642594422,1.2630839745479132,4.04788949793763
SS11,Heels,Post,0.297925274380062,0.33424287048425,0.967997552886026,3.72487232602489,1.34654643920221,1.3071332620457488,3.4799867157027005
BO11,Flats,Pre,,,,,,,
BO11,Heels,Pre,,,,,,,
BO11,Flats,Post,0.237920094904771,0.240240532570734,1.43922292857696,4.35838596265927,1.92676295655914,1.147036145257035,4.723660746789832
BO11,Heels,Post,0.259926074514279,0.261500218892783,1.03127868023815,3.90694336677066,1.38759399227574,1.1805361584777547,4.234382906805507
SE15,Flats,Pre,0.281175687692075,0.286502038116508,2.43308688964913,8.87999411550139,3.5275431528518,1.2145222394268855,4.277393615478798
SE15,Heels,Pre,0.300254630639609,0.312801657192166,2.06522548822695,8.24521557415558,2.96818074630365,1.2222868542691367,3.9716279083534247
SE15,Flats,Post,0.301317797253818,0.305113804367439,2.0303198899589,7.4460222839205,2.91446353777921,1.2140760735090301,3.9298094451723475
SE15,Heels,Post,0.314699485825929,0.32303966214293,1.7701732846364,7.19603461983882,2.49678281059679,1.2445873249166433,3.7978727082106114
