ParticipantID,Time,Compliance,InterventionDays,HTDSteps,TotalSteps,Height,Age,Mass,Sex,ATMomentArm,ATLength,k_lin,CSA,flats_EMA,flats_EMA_pushoff,flats_strain_impulse,flats_peak_strain,flats_mean_strain,flats_peak_Fmtu,flats_mean_Fmtu,flats_peak_ank_mom,flats_mean_ank_mom,flats_peak_Fr,heels_EMA,heels_EMA_pushoff,heels_strain_impulse,heels_peak_strain,heels_mean_strain,heels_peak_Fmtu,heels_mean_Fmtu,heels_peak_ank_mom,heels_mean_ank_mom,heels_peak_Fr
GJ03,Pre,Nonuser,103,297,4739,172.6,29,96.7,M,0.04,160,298.7331,51.51852,NA,NA,NA,NA,NA,NA,NA,NA,NA,NA,NA,NA,NA,NA,NA,NA,NA,NA,NA,NA
GJ03,Post,Nonuser,103,297,4739,172.6,29,97.65,M,0.04,140,327.3536,57.91358,0.252615081188071,0.257638623545376,2.90764138952158,9.09003633137487,4.21750167791433,4165.9185640889,1932.86010017981,1.87546457128313,0.847774639611418,1129.27220206702,0.265347351054135,0.27021930664061,2.24439884797711,8.29264435620124,3.28415854142172,3800.47777693102,1505.11357010721,1.67958948432325,0.63798424966361,1110.11327281445
GP04,Pre,Nonuser,90,938,15566,172,29,68,M,0.037,170,357.9117,57.97531,0.295762733399696,0.297095100567616,1.41855769602463,4.83727570782947,2.1020806920273,2943.23987232851,1279.01076583514,1.80759707894239,0.75448437599487,894.500822536384,0.315895407798332,0.338845349942202,1.04602791481494,3.80908768144702,1.50896219627694,2317.63898077679,918.12788233886,1.34383088184754,0.512358155853524,930.212717010935
GP04,Post,Nonuser,90,938,15566,172,29,68.6,M,0.037,180,301.702,62.39506,0.261439318977789,0.26250399408449,1.75063706310202,5.59331477385439,2.4850954296142,3037.52565702255,1349.56487034983,2.04391422997974,0.868403300051069,850.698749739535,0.271916681158048,0.278258048227279,1.33467535509083,4.77912614538622,1.95820814631346,2595.36944936757,1063.43156548631,1.58932904632057,0.619930016188162,924.131544231201
DF07,Pre,User,108,1675,11943,157.5,25,82.2,F,0.039,165,253.0214,51.06173,NA,NA,NA,NA,NA,NA,NA,NA,NA,NA,0.273656117910889,0.296529730627508,1.8778634975775,6.70978644245152,2.74927020921953,2801.23727296067,1147.77992556978,1.48637207750646,0.587600750111125,977.03284233663
DF07,Post,User,108,1675,11943,157.5,25,83.35,F,0.039,182.5,303.3234,54.33333,NA,NA,NA,NA,NA,NA,NA,NA,NA,NA,NA,NA,NA,NA,NA,NA,NA,NA,NA,NA
OJ08,Pre,User,91,1888,NA,182.5,27,83.1,M,0.05,170,197.5837,64.17284,0.33877341114918,0.340705176721861,2.82231515896956,7.60006264087958,3.8839566978162,2552.80244458849,1304.59110949032,1.74881286637752,0.87969273052152,956.807687825085,0.374250288921846,0.377797319979881,2.11665016326792,7.10434061614928,2.7210854973328,2386.29323849839,913.991638984903,1.55476392806719,0.573669560888021,1067.40194828046
OJ08,Post,User,91,1888,NA,182.5,27,83.15,M,0.05,175,217.9918,75.16049,0.335719588168703,0.339113066568772,2.29909356803065,6.76654126486536,3.23374825315496,2581.33839267898,1233.62855429118,1.74002524833519,0.816231779409035,962.280743789425,0.36741268292965,0.370689802445341,1.80472503674297,6.35446883645965,2.43218094094862,2424.13867448155,927.842127175397,1.60205587653523,0.59071668460593,1002.17812347728
RL10,Pre,Nonuser,91,513,9146,170.5,28,67.3,M,0.047,145,327.1323,55.07407,0.275268839417561,0.278219099841957,1.89295025608756,6.15551381301157,2.62093887489653,2919.81771743176,1243.22095534125,2.09151938519998,0.877640256689652,840.188632955827,0.315487504204081,0.319218981259297,1.44698109649847,4.90060549589919,1.88441942051073,2324.56220353591,893.858965834696,1.64236777896908,0.617626777970126,860.320091591296
RL10,Post,Nonuser,91,513,9146,170.5,28,67.25,M,0.047,157.5,277.2632,59.77778,0.294465839213709,0.298080365579893,1.87063709417515,6.05660462890912,2.5330680042937,2644.85588936019,1106.16430158374,1.98669035072781,0.814841068262605,790.713483374533,0.308573248423939,0.312085673253286,1.60894393479542,5.8265080650029,2.06355293447891,2544.37512671241,901.131981723245,1.81566560705168,0.620576259774514,904.291157362914
SS11,Pre,User,89,2526,7816,164.5,31,52,F,0.044,175,205.7694,51.7284,0.293102542453805,0.29509191976641,1.89547500378232,5.08009662521526,2.56224822979562,1829.32476039699,922.656491568187,1.78504708495219,0.884468352057275,624.469676527376,0.304662032406297,0.321477633404605,1.50165829738336,4.81689092197465,2.02257267561261,1734.5453210403,728.321240355101,1.67513193528762,0.678288494809014,653.290672429538
SS11,Post,User,89,2526,7816,164.5,31,51.5,F,0.044,190,248.4213,58.03704,0.272667470382737,0.279816881249216,1.47875250124128,4.33273825490166,2.06374642594422,2045.05449270056,974.089283006494,1.94748875502193,0.907252527079382,638.128970201224,0.297925274380062,0.33424287048425,0.967997552886026,3.72487232602489,1.34654643920221,1758.14148857374,635.57055218027,1.58949383507421,0.557654406400494,660.383330984443
BO11,Pre,User,109,3704,11430,187,31,75.25,M,0.038,170,300.8826,70.88889,NA,NA,NA,NA,NA,NA,NA,NA,NA,NA,NA,NA,NA,NA,NA,NA,NA,NA,NA,NA
BO11,Post,User,109,3704,11430,187,31,76.35,M,0.038,205,395.9836,78.50617,0.237920094904771,0.240240532570734,1.43922292857696,4.35838596265927,1.92676295655914,3537.99119555073,1564.08139036411,1.95726841584578,0.843041018870025,859.122617062575,0.259926074514279,0.261500218892783,1.03127868023815,3.90694336677066,1.38759399227574,3171.52527370843,1126.40215201942,1.67339747968133,0.57387644735086,884.213909214808
SE15,Pre,Nonuser,111,0,NA,166,28,55.95,F,0.04,165,160.2329,53.59259,0.281175687692075,0.286502038116508,2.43308688964913,8.87999411550139,3.5275431528518,2347.73089503104,932.62697427337,1.82839295918732,0.705437411896974,666.614214293115,0.300254630639609,0.312801657192166,2.06522548822695,8.24521557415558,2.96818074630365,2179.90542424399,784.740344362257,1.64417049726777,0.572208693884354,670.875974559274
SE15,Post,Nonuser,111,0,NA,166,28,57.7,F,0.04,160,186.71190000000001,55.44444,0.301317797253818,0.305113804367439,2.0303198899589,7.4460222839205,2.91446353777921,2224.41754891702,870.664039391164,1.71425938522427,0.650333717685853,687.211978420831,0.314699485825929,0.32303966214293,1.7701732846364,7.19603461983882,2.49678281059679,2149.73647413741,745.886499926186,1.56196227982588,0.526299067981945,704.482475633842
